{
    "ROC AUC": 0.9692522088776598,
    "EER": 0.08731054254735462,
    "EER Threshold": 0.49690404534339905
}