{
    "parameters": {
        "src_path": "/workspace/LibriTTS/train-clean2/17/362/17_362_000000_000000.wav",
        "anc_dir": "/workspace/LibriTTS/train-clean2/40",
        "output_dir": "/workspace/experiment/results/exp4/17to40/",
        "training_method": "Proposed",
        "utmos_org": 3.972903251647949,
        "thresholds": [
            1.0,
            0.95,
            0.9,
            0.8500000000000001,
            0.8,
            0.75,
            0.7,
            0.65,
            0.6,
            0.55,
            0.5,
            0.45,
            0.4,
            0.35,
            0.3,
            0.25,
            0.19999999999999996,
            0.14999999999999997,
            0.09999999999999998,
            0.04999999999999999,
            0.0,
            -0.050000000000000044,
            -0.10000000000000009,
            -0.15000000000000002,
            -0.20000000000000007,
            -0.25,
            -0.30000000000000004,
            -0.3500000000000001,
            -0.4,
            -0.45000000000000007
        ]
    },
    "scores": [
        {
            "output_path": "/workspace/experiment/results/exp4/17to40/result_17_362_000000_000000_40_222_000043_000000_1.0.wav",
            "utmos_score": 3.972903251647949,
            "cos_src_anc": 0.21712200343608856,
            "cos_anc_noise": 0.21712233126163483,
            "cos_src_noise": 1.0,
            "epochs": 0,
            "threshold": 1.0
        },
        {
            "output_path": "/workspace/experiment/results/exp4/17to40/result_17_362_000000_000000_40_222_000043_000000_0.95.wav",
            "utmos_score": 3.9665029048919678,
            "cos_src_anc": 0.21712200343608856,
            "cos_anc_noise": 0.36332792043685913,
            "cos_src_noise": 0.9499753713607788,
            "epochs": 185,
            "threshold": 0.95
        },
        {
            "output_path": "/workspace/experiment/results/exp4/17to40/result_17_362_000000_000000_40_222_000043_000000_0.9.wav",
            "utmos_score": 3.9519104957580566,
            "cos_src_anc": 0.21712200343608856,
            "cos_anc_noise": 0.45221593976020813,
            "cos_src_noise": 0.8999448418617249,
            "epochs": 463,
            "threshold": 0.9
        },
        {
            "output_path": "/workspace/experiment/results/exp4/17to40/result_17_362_000000_000000_40_222_000043_000000_0.8500000000000001.wav",
            "utmos_score": 3.9293172359466553,
            "cos_src_anc": 0.21712200343608856,
            "cos_anc_noise": 0.5275393724441528,
            "cos_src_noise": 0.8498998880386353,
            "epochs": 803,
            "threshold": 0.8500000000000001
        },
        {
            "output_path": "/workspace/experiment/results/exp4/17to40/result_17_362_000000_000000_40_222_000043_000000_0.8.wav",
            "utmos_score": 3.9026496410369873,
            "cos_src_anc": 0.21712200343608856,
            "cos_anc_noise": 0.5906620025634766,
            "cos_src_noise": 0.799959659576416,
            "epochs": 1178,
            "threshold": 0.8
        },
        {
            "output_path": "/workspace/experiment/results/exp4/17to40/result_17_362_000000_000000_40_222_000043_000000_0.75.wav",
            "utmos_score": 3.8679041862487793,
            "cos_src_anc": 0.21712200343608856,
            "cos_anc_noise": 0.642555832862854,
            "cos_src_noise": 0.749954104423523,
            "epochs": 1560,
            "threshold": 0.75
        },
        {
            "output_path": "/workspace/experiment/results/exp4/17to40/result_17_362_000000_000000_40_222_000043_000000_0.7.wav",
            "utmos_score": 3.8181748390197754,
            "cos_src_anc": 0.21712200343608856,
            "cos_anc_noise": 0.688733696937561,
            "cos_src_noise": 0.6999121904373169,
            "epochs": 1958,
            "threshold": 0.7
        },
        {
            "output_path": "/workspace/experiment/results/exp4/17to40/result_17_362_000000_000000_40_222_000043_000000_0.65.wav",
            "utmos_score": 3.7997937202453613,
            "cos_src_anc": 0.21712200343608856,
            "cos_anc_noise": 0.7311280965805054,
            "cos_src_noise": 0.6499432325363159,
            "epochs": 2417,
            "threshold": 0.65
        },
        {
            "output_path": "/workspace/experiment/results/exp4/17to40/result_17_362_000000_000000_40_222_000043_000000_0.6.wav",
            "utmos_score": 3.7688488960266113,
            "cos_src_anc": 0.21712200343608856,
            "cos_anc_noise": 0.7701931595802307,
            "cos_src_noise": 0.5999859571456909,
            "epochs": 3009,
            "threshold": 0.6
        },
        {
            "output_path": "/workspace/experiment/results/exp4/17to40/result_17_362_000000_000000_40_222_000043_000000_0.55.wav",
            "utmos_score": 3.728161334991455,
            "cos_src_anc": 0.21712200343608856,
            "cos_anc_noise": 0.807669997215271,
            "cos_src_noise": 0.5499906539916992,
            "epochs": 3834,
            "threshold": 0.55
        },
        {
            "output_path": "/workspace/experiment/results/exp4/17to40/result_17_362_000000_000000_40_222_000043_000000_0.5.wav",
            "utmos_score": 3.7078933715820312,
            "cos_src_anc": 0.21712200343608856,
            "cos_anc_noise": 0.8404483795166016,
            "cos_src_noise": 0.4999987781047821,
            "epochs": 4867,
            "threshold": 0.5
        },
        {
            "output_path": "/workspace/experiment/results/exp4/17to40/result_17_362_000000_000000_40_222_000043_000000_0.45.wav",
            "utmos_score": 3.7030375003814697,
            "cos_src_anc": 0.21712200343608856,
            "cos_anc_noise": 0.8731364011764526,
            "cos_src_noise": 0.4499994218349457,
            "epochs": 6281,
            "threshold": 0.45
        },
        {
            "output_path": "/workspace/experiment/results/exp4/17to40/result_17_362_000000_000000_40_222_000043_000000_0.4.wav",
            "utmos_score": 3.669919967651367,
            "cos_src_anc": 0.21712200343608856,
            "cos_anc_noise": 0.9090867638587952,
            "cos_src_noise": 0.39994096755981445,
            "epochs": 8218,
            "threshold": 0.4
        },
        {
            "output_path": "/workspace/experiment/results/exp4/17to40/result_17_362_000000_000000_40_222_000043_000000_0.35.wav",
            "utmos_score": 3.5879552364349365,
            "cos_src_anc": 0.21712200343608856,
            "cos_anc_noise": 0.9380475282669067,
            "cos_src_noise": 0.3653627634048462,
            "epochs": 10000,
            "threshold": 0.35
        },
        {
            "output_path": "/workspace/experiment/results/exp4/17to40/result_17_362_000000_000000_40_222_000043_000000_0.3.wav",
            "utmos_score": 3.5878915786743164,
            "cos_src_anc": 0.21712200343608856,
            "cos_anc_noise": 0.9380491375923157,
            "cos_src_noise": 0.3653064966201782,
            "epochs": 10000,
            "threshold": 0.3
        },
        {
            "output_path": "/workspace/experiment/results/exp4/17to40/result_17_362_000000_000000_40_222_000043_000000_0.25.wav",
            "utmos_score": 3.5878682136535645,
            "cos_src_anc": 0.21712200343608856,
            "cos_anc_noise": 0.9380456209182739,
            "cos_src_noise": 0.36538082361221313,
            "epochs": 10000,
            "threshold": 0.25
        },
        {
            "output_path": "/workspace/experiment/results/exp4/17to40/result_17_362_000000_000000_40_222_000043_000000_0.19999999999999996.wav",
            "utmos_score": 3.5878422260284424,
            "cos_src_anc": 0.21712200343608856,
            "cos_anc_noise": 0.9380443096160889,
            "cos_src_noise": 0.36533594131469727,
            "epochs": 10000,